{"cameraMode":{"drawMode":0,"name":"Shaded","section":"Shading Mode"},"sceneLighting":false,"audioPlay":false,"sceneViewState":{"showFog":true,"showMaterialUpdate":false,"showSkybox":false,"showFlares":true,"showImageEffects":true,"showParticleSystems":true},"in2DMode":false,"pivot":{"x":1.5230000019073487,"y":0.5340003967285156,"z":-0.047711923718452457},"rotation":{"x":0.0006841549184173346,"y":0.978272557258606,"z":-0.20729666948318482,"w":0.0032293591648340227},"size":34.7935905456543,"orthographic":false}